Unit Number,Type,Building,Floor,Entrance,Size (m²),Rooms,MEA Share,Parking,Construction Year
01,APARTMENT,Building A,1. Obergeschoss,A,95.5,3,110.5,P1,2023
02,APARTMENT,Building A,1. Obergeschoss,A,87.0,2,105.0,P2,2023
03,APARTMENT,Building A,1. Obergeschoss,A,102.0,3,115.0,P3,2023
04,APARTMENT,Building A,1. Obergeschoss,A,78.5,2,98.5,P4,2023
05,APARTMENT,Building A,1. Obergeschoss,A,112.0,4,120.0,P5,2023
06,APARTMENT,Building A,1. Obergeschoss,B,94.0,3,109.0,P6,2023
07,APARTMENT,Building A,1. Obergeschoss,B,85.5,2,103.5,P7,2023
08,APARTMENT,Building A,1. Obergeschoss,B,99.0,3,114.0,P8,2023
09,APARTMENT,Building A,1. Obergeschoss,B,76.0,2,96.0,P9,2023
10,APARTMENT,Building A,1. Obergeschoss,B,108.5,4,118.5,P10,2023
11,APARTMENT,Building A,2. Obergeschoss,A,96.5,3,111.5,P11,2023
12,APARTMENT,Building A,2. Obergeschoss,A,88.0,2,106.0,P12,2023
13,APARTMENT,Building A,2. Obergeschoss,A,103.5,3,116.5,P13,2023
14,APARTMENT,Building A,2. Obergeschoss,A,79.5,2,99.5,P14,2023
15,APARTMENT,Building A,2. Obergeschoss,A,113.5,4,121.5,P15,2023
16,APARTMENT,Building A,2. Obergeschoss,B,95.0,3,110.0,P16,2023
17,APARTMENT,Building A,2. Obergeschoss,B,86.5,2,104.5,P17,2023
18,APARTMENT,Building A,2. Obergeschoss,B,100.5,3,115.5,P18,2023
19,APARTMENT,Building A,2. Obergeschoss,B,77.5,2,97.5,P19,2023
20,APARTMENT,Building A,2. Obergeschoss,B,109.5,4,119.5,P20,2023
21,APARTMENT,Building A,3. Obergeschoss,A,97.0,3,112.0,P21,2023
22,APARTMENT,Building A,3. Obergeschoss,A,89.0,2,107.0,P22,2023
23,APARTMENT,Building A,3. Obergeschoss,A,104.0,3,117.0,P23,2023
24,APARTMENT,Building A,3. Obergeschoss,A,80.0,2,100.0,P24,2023
25,APARTMENT,Building A,3. Obergeschoss,A,114.0,4,122.0,P25,2023
26,APARTMENT,Building A,3. Obergeschoss,B,96.0,3,111.0,P26,2023
27,APARTMENT,Building A,3. Obergeschoss,B,87.5,2,105.5,P27,2023
28,APARTMENT,Building A,3. Obergeschoss,B,101.0,3,116.0,P28,2023
29,APARTMENT,Building A,3. Obergeschoss,B,78.0,2,98.0,P29,2023
30,APARTMENT,Building A,3. Obergeschoss,B,110.0,4,120.0,P30,2023
31,APARTMENT,Building A,4. Obergeschoss,A,98.5,3,113.5,P31,2023
32,APARTMENT,Building A,4. Obergeschoss,A,90.0,2,108.0,P32,2023
33,APARTMENT,Building A,4. Obergeschoss,A,105.5,3,118.5,P33,2023
34,APARTMENT,Building A,4. Obergeschoss,A,81.0,2,101.0,P34,2023
35,APARTMENT,Building A,4. Obergeschoss,A,115.5,4,123.5,P35,2023
36,APARTMENT,Building A,4. Obergeschoss,B,97.5,3,112.5,P36,2023
37,APARTMENT,Building A,4. Obergeschoss,B,88.5,2,106.5,P37,2023
38,APARTMENT,Building A,4. Obergeschoss,B,102.5,3,117.5,P38,2023
39,APARTMENT,Building A,4. Obergeschoss,B,79.0,2,99.0,P39,2023
40,APARTMENT,Building A,4. Obergeschoss,B,111.0,4,121.0,P40,2023
41,APARTMENT,Building A,5. Obergeschoss (Penthouse),A,120.0,5,130.0,P41,2023
42,APARTMENT,Building A,5. Obergeschoss (Penthouse),A,115.0,4,125.0,P42,2023
43,APARTMENT,Building A,5. Obergeschoss (Penthouse),B,118.0,4,128.0,P43,2023
44,APARTMENT,Building A,5. Obergeschoss (Penthouse),B,112.0,3,122.0,P44,2023
45,OFFICE,Building A,Erdgeschoss,A,45.0,1,50.0,,2023
46,OFFICE,Building A,Erdgeschoss,A,52.0,1,55.0,,2023
47,OFFICE,Building A,Erdgeschoss,B,48.0,1,52.0,,2023
48,OFFICE,Building A,Erdgeschoss,B,55.0,1,58.0,,2023
49,PARKING,Building A,Untergeschoss,A,12.0,0,15.0,P45,2023
50,PARKING,Building A,Untergeschoss,A,12.0,0,15.0,P46,2023
51,PARKING,Building A,Untergeschoss,A,12.0,0,15.0,P47,2023
52,PARKING,Building A,Untergeschoss,A,12.0,0,15.0,P48,2023
53,PARKING,Building A,Untergeschoss,A,12.0,0,15.0,P49,2023
54,PARKING,Building A,Untergeschoss,A,12.0,0,15.0,P50,2023
55,PARKING,Building A,Untergeschoss,B,12.0,0,15.0,P51,2023
56,PARKING,Building A,Untergeschoss,B,12.0,0,15.0,P52,2023
57,PARKING,Building A,Untergeschoss,B,12.0,0,15.0,P53,2023
58,PARKING,Building A,Untergeschoss,B,12.0,0,15.0,P54,2023
59,PARKING,Building A,Untergeschoss,B,12.0,0,15.0,P55,2023
60,PARKING,Building A,Untergeschoss,B,12.0,0,15.0,P56,2023
61,APARTMENT,Building B,1. Obergeschoss,A,92.0,3,107.0,P57,2023
62,APARTMENT,Building B,1. Obergeschoss,A,84.0,2,102.0,P58,2023
63,APARTMENT,Building B,1. Obergeschoss,A,98.0,3,113.0,P59,2023
64,APARTMENT,Building B,1. Obergeschoss,A,75.0,2,95.0,P60,2023
65,APARTMENT,Building B,1. Obergeschoss,A,106.0,4,116.0,P61,2023
66,APARTMENT,Building B,1. Obergeschoss,B,91.0,3,106.0,P62,2023
67,APARTMENT,Building B,1. Obergeschoss,B,83.0,2,101.0,P63,2023
68,APARTMENT,Building B,1. Obergeschoss,B,97.0,3,112.0,P64,2023
69,APARTMENT,Building B,1. Obergeschoss,B,74.0,2,94.0,P65,2023
70,APARTMENT,Building B,1. Obergeschoss,B,105.0,4,115.0,P66,2023
71,APARTMENT,Building B,2. Obergeschoss,A,93.0,3,108.0,P67,2023
72,APARTMENT,Building B,2. Obergeschoss,A,85.0,2,103.0,P68,2023
73,APARTMENT,Building B,2. Obergeschoss,A,99.0,3,114.0,P69,2023
74,APARTMENT,Building B,2. Obergeschoss,A,76.5,2,96.5,P70,2023
75,APARTMENT,Building B,2. Obergeschoss,A,107.0,4,117.0,P71,2023
76,APARTMENT,Building B,2. Obergeschoss,B,92.5,3,107.5,P72,2023
77,APARTMENT,Building B,2. Obergeschoss,B,84.5,2,102.5,P73,2023
78,APARTMENT,Building B,2. Obergeschoss,B,98.5,3,113.5,P74,2023
79,APARTMENT,Building B,2. Obergeschoss,B,75.5,2,95.5,P75,2023
80,APARTMENT,Building B,2. Obergeschoss,B,106.5,4,116.5,P76,2023
81,APARTMENT,Building B,3. Obergeschoss,A,94.0,3,109.0,P77,2023
82,APARTMENT,Building B,3. Obergeschoss,A,86.0,2,104.0,P78,2023
83,APARTMENT,Building B,3. Obergeschoss,A,100.0,3,115.0,P79,2023
84,APARTMENT,Building B,3. Obergeschoss,A,77.0,2,97.0,P80,2023
85,APARTMENT,Building B,3. Obergeschoss,A,108.0,4,118.0,P81,2023
86,APARTMENT,Building B,3. Obergeschoss,B,93.5,3,108.5,P82,2023
87,APARTMENT,Building B,3. Obergeschoss,B,85.5,2,103.5,P83,2023
88,APARTMENT,Building B,3. Obergeschoss,B,99.5,3,114.5,P84,2023
89,APARTMENT,Building B,3. Obergeschoss,B,76.0,2,96.0,P85,2023
90,APARTMENT,Building B,3. Obergeschoss,B,107.5,4,117.5,P86,2023
91,APARTMENT,Building B,4. Obergeschoss,A,95.0,3,110.0,P87,2023
92,APARTMENT,Building B,4. Obergeschoss,A,87.0,2,105.0,P88,2023
93,APARTMENT,Building B,4. Obergeschoss,A,101.0,3,116.0,P89,2023
94,APARTMENT,Building B,4. Obergeschoss,A,78.0,2,98.0,P90,2023
95,APARTMENT,Building B,4. Obergeschoss,A,109.0,4,119.0,P91,2023
96,APARTMENT,Building B,4. Obergeschoss,B,94.5,3,109.5,P92,2023
97,APARTMENT,Building B,4. Obergeschoss,B,86.5,2,104.5,P93,2023
98,APARTMENT,Building B,4. Obergeschoss,B,100.5,3,115.5,P94,2023
99,APARTMENT,Building B,4. Obergeschoss,B,77.5,2,97.5,P95,2023
100,APARTMENT,Building B,4. Obergeschoss,B,108.5,4,118.5,P96,2023
101,APARTMENT,Building B,5. Obergeschoss (Penthouse),A,122.0,5,132.0,P97,2023
102,APARTMENT,Building B,5. Obergeschoss (Penthouse),A,117.0,4,127.0,P98,2023
103,APARTMENT,Building B,5. Obergeschoss (Penthouse),B,120.0,4,130.0,P99,2023
104,APARTMENT,Building B,5. Obergeschoss (Penthouse),B,114.0,3,124.0,P100,2023
105,OFFICE,Building B,Erdgeschoss,A,46.0,1,51.0,,2023
106,OFFICE,Building B,Erdgeschoss,A,53.0,1,56.0,,2023
107,OFFICE,Building B,Erdgeschoss,B,49.0,1,53.0,,2023
108,OFFICE,Building B,Erdgeschoss,B,56.0,1,59.0,,2023
109,PARKING,Building B,Untergeschoss,A,12.0,0,15.0,P101,2023
110,PARKING,Building B,Untergeschoss,A,12.0,0,15.0,P102,2023
111,PARKING,Building B,Untergeschoss,A,12.0,0,15.0,P103,2023
112,PARKING,Building B,Untergeschoss,A,12.0,0,15.0,P104,2023
113,PARKING,Building B,Untergeschoss,A,12.0,0,15.0,P105,2023
114,PARKING,Building B,Untergeschoss,A,12.0,0,15.0,P106,2023
115,PARKING,Building B,Untergeschoss,B,12.0,0,15.0,P107,2023
116,PARKING,Building B,Untergeschoss,B,12.0,0,15.0,P108,2023
117,PARKING,Building B,Untergeschoss,B,12.0,0,15.0,P109,2023
118,PARKING,Building B,Untergeschoss,B,12.0,0,15.0,P110,2023
119,PARKING,Building B,Untergeschoss,B,12.0,0,15.0,P111,2023
120,PARKING,Building B,Untergeschoss,B,12.0,0,15.0,P112,2023
121,GARDEN,Building A,Erdgeschoss,A,25.0,0,30.0,G1,2023
122,GARDEN,Building A,Erdgeschoss,A,30.0,0,35.0,G2,2023
123,GARDEN,Building A,Erdgeschoss,B,28.0,0,33.0,G3,2023
124,GARDEN,Building A,Erdgeschoss,B,32.0,0,37.0,G4,2023
125,GARDEN,Building B,Erdgeschoss,A,26.0,0,31.0,G5,2023
126,GARDEN,Building B,Erdgeschoss,A,31.0,0,36.0,G6,2023
127,GARDEN,Building B,Erdgeschoss,B,29.0,0,34.0,G7,2023
128,GARDEN,Building B,Erdgeschoss,B,33.0,0,38.0,G8,2023
